{
  "0": {
    "position": [
      -3.311,
      4.2,
      0.3
    ],
    "orientation": [
      0.0,
      0.707109,
      0.0,
      0.707105
    ]
  },
  "1": {
    "position": [
      -3.311,
      4.35,
      0.3
    ],
    "orientation": [
      0.0,
      0.707109,
      0.0,
      0.707105
    ]
  },
  "2": {
    "position": [
      -3.311,
      4.5,
      0.3
    ],
    "orientation": [
      0.0,
      0.707109,
      0.0,
      0.707105
    ]
  },
  "3": {
    "position": [
      -3.311,
      4.35,
      0.45
    ],
    "orientation": [
      0.0,
      0.707109,
      0.0,
      0.707105
    ]
  },
  "4": {
    "position": [
      -3.311,
      4.35027,
      0.152303
    ],
    "orientation": [
      0.0,
      0.707109,
      0.0,
      0.707105
    ]
  },
  "5": {
    "position": [
      -3.5982,
      3.83048,
      0.157361
    ],
    "orientation": [
      -0.707108,
      0.0,
      0.0,
      0.707105
    ]
  },
  "6": {
    "position": [
      -3.6,
      3.82273,
      0.300001
    ],
    "orientation": [
      -0.707108,
      0.0,
      0.0,
      0.707105
    ]
  },
  "7": {
    "position": [
      -3.59983,
      3.81333,
      0.437498
    ],
    "orientation": [
      -0.707108,
      0.0,
      0.0,
      0.707105
    ]
  },
  "8": {
    "position": [
      -3.6,
      3.81737,
      0.375297
    ],
    "orientation": [
      -0.707108,
      0.0,
      0.0,
      0.707105
    ]
  },
  "9": {
    "position": [
      -3.59906,
      3.83788,
      0.226166
    ],
    "orientation": [
      -0.707108,
      0.0,
      0.0,
      0.707105
    ]
  },
  "10": {
    "position": [
      -2.44706,
      4.839,
      0.25
    ],
    "orientation": [
      -0.707108,
      0.0,
      0.0,
      0.707105
    ]
  },
  "11": {
    "position": [
      -2.35,
      4.839,
      0.290516
    ],
    "orientation": [
      -0.707108,
      0.0,
      0.0,
      0.707105
    ]
  },
  "12": {
    "position": [
      -2.24981,
      4.839,
      0.25
    ],
    "orientation": [
      -0.707108,
      0.0,
      0.0,
      0.707105
    ]
  },
  "13": {
    "position": [
      -2.35,
      4.839,
      0.4101
    ],
    "orientation": [
      -0.707108,
      0.0,
      0.0,
      0.707105
    ]
  },
  "14": {
    "position": [
      -2.34814,
      4.839,
      0.188669
    ],
    "orientation": [
      -0.707108,
      0.0,
      0.0,
      0.707105
    ]
  },
  "15": {
    "position": [
      1.94037,
      4.859,
      0.306886
    ],
    "orientation": [
      -0.707108,
      0.0,
      0.0,
      0.707105
    ]
  },
  "16": {
    "position": [
      2.05,
      4.859,
      0.307177
    ],
    "orientation": [
      -0.707108,
      0.0,
      0.0,
      0.707105
    ]
  },
  "17": {
    "position": [
      2.1543,
      4.859,
      0.308213
    ],
    "orientation": [
      -0.707108,
      0.0,
      0.0,
      0.707105
    ]
  },
  "18": {
    "position": [
      2.05,
      4.859,
      0.416597
    ],
    "orientation": [
      -0.707108,
      0.0,
      0.0,
      0.707105
    ]
  },
  "19": {
    "position": [
      2.05076,
      4.859,
      0.192576
    ],
    "orientation": [
      -0.707108,
      0.0,
      0.0,
      0.707105
    ]
  },
  "20": {
    "position": [
      0.989,
      0.816,
      0.173
    ],
    "orientation": [
      0.0,
      0.0,
      0.0,
      1.0
    ]
  },
  "21": {
    "position": [
      0.889,
      0.716,
      0.173
    ],
    "orientation": [
      0.0,
      0.0,
      0.0,
      1.0
    ]
  },
  "22": {
    "position": [
      1.089,
      0.716,
      0.173
    ],
    "orientation": [
      0.0,
      0.0,
      0.0,
      1.0
    ]
  },
  "23": {
    "position": [
      0.889,
      0.916,
      0.173
    ],
    "orientation": [
      0.0,
      0.0,
      0.0,
      1.0
    ]
  },
  "24": {
    "position": [
      1.089,
      0.916,
      0.173
    ],
    "orientation": [
      0.0,
      0.0,
      0.0,
      1.0
    ]
  },
  "25": {
    "position": [
      -1.349,
      2.325,
      0.146
    ],
    "orientation": [
      0.0,
      0.0,
      0.0,
      1.0
    ]
  },
  "26": {
    "position": [
      -1.449,
      2.225,
      0.146
    ],
    "orientation": [
      0.0,
      0.0,
      0.0,
      1.0
    ]
  },
  "27": {
    "position": [
      -1.249,
      2.225,
      0.146
    ],
    "orientation": [
      0.0,
      0.0,
      0.0,
      1.0
    ]
  },
  "28": {
    "position": [
      -1.449,
      2.425,
      0.146
    ],
    "orientation": [
      0.0,
      0.0,
      0.0,
      1.0
    ]
  },
  "29": {
    "position": [
      -1.249,
      2.425,
      0.146
    ],
    "orientation": [
      0.0,
      0.0,
      0.0,
      1.0
    ]
  },
  "30": {
    "position": [
      -1.67414,
      1.51109,
      0.123753
    ],
    "orientation": [
      2e-06,
      0.707109,
      2e-06,
      -0.707105
    ]
  },
  "31": {
    "position": [
      0.775434,
      3.55579,
      0.652107
    ],
    "orientation": [
      1e-06,
      0.999995,
      1e-06,
      0.003158
    ]
  },
  "32": {
    "position": [
      -1.67031,
      1.36609,
      0.31849
    ],
    "orientation": [
      0.0,
      0.707109,
      0.0,
      0.707105
    ]
  },
  "33": {
    "position": [
      -1.67311,
      1.43881,
      0.225154
    ],
    "orientation": [
      0.0,
      0.707109,
      0.0,
      0.707105
    ]
  },
  "34": {
    "position": [
      0.770381,
      3.67944,
      0.632278
    ],
    "orientation": [
      -0.705892,
      -0.707888,
      0.017491,
      0.017439
    ]
  },
  "35": {
    "position": [
      0.776066,
      3.31671,
      0.66331
    ],
    "orientation": [
      1e-06,
      0.999971,
      1e-06,
      -0.007624
    ]
  },
  "36": {
    "position": [
      0.775602,
      3.43141,
      0.625009
    ],
    "orientation": [
      1e-06,
      0.99983,
      1e-06,
      -0.018464
    ]
  },
  "37": {
    "position": [
      -1.67294,
      1.23672,
      0.471512
    ],
    "orientation": [
      0.0,
      0.707109,
      0.0,
      0.707105
    ]
  },
  "38": {
    "position": [
      -1.67318,
      1.29825,
      0.40733
    ],
    "orientation": [
      0.0,
      0.707109,
      0.0,
      0.707105
    ]
  },
  "39": {
    "position": [
      0.774379,
      3.20969,
      0.652619
    ],
    "orientation": [
      0.03502,
      -0.035145,
      -0.707472,
      0.704998
    ]
  },
  "40": {
    "position": [
      3.55398,
      2.68402,
      0.130594
    ],
    "orientation": [
      -0.487915,
      -0.511799,
      -0.487919,
      0.511796
    ]
  },
  "41": {
    "position": [
      3.55355,
      2.6835,
      0.308435
    ],
    "orientation": [
      0.4994,
      0.500599,
      0.499403,
      -0.500596
    ]
  },
  "42": {
    "position": [
      3.5557,
      2.68356,
      0.47078
    ],
    "orientation": [
      -0.497656,
      -0.502333,
      -0.49766,
      0.50233
    ]
  },
  "43": {
    "position": [
      3.5544,
      2.68372,
      0.222885
    ],
    "orientation": [
      -0.498505,
      -0.501491,
      -0.498508,
      0.501488
    ]
  },
  "44": {
    "position": [
      3.55146,
      2.68498,
      0.390978
    ],
    "orientation": [
      -0.492377,
      -0.507508,
      -0.492381,
      0.507505
    ]
  },
  "45": {
    "position": [
      3.47349,
      2.61913,
      0.135681
    ],
    "orientation": [
      2e-06,
      0.707109,
      2e-06,
      -0.707105
    ]
  },
  "46": {
    "position": [
      3.4757,
      2.61764,
      0.306627
    ],
    "orientation": [
      2e-06,
      0.707109,
      2e-06,
      -0.707105
    ]
  },
  "47": {
    "position": [
      3.47629,
      2.61768,
      0.469643
    ],
    "orientation": [
      0.0,
      0.707109,
      0.0,
      -0.707105
    ]
  },
  "48": {
    "position": [
      3.47414,
      2.61768,
      0.221695
    ],
    "orientation": [
      2e-06,
      0.707109,
      2e-06,
      -0.707105
    ]
  },